{
 "x_lo": [
  0.0,
  1.0,
  2.0,
  3.0,
  4.0,
  5.0,
  6.0,
  7.0,
  8.0,
  9.0,
  10.0,
  11.0,
  12.0,
  13.0
 ],
 "x_hi": [
  1.0,
  2.0,
  3.0,
  4.0,
  5.0,
  6.0,
  7.0,
  8.0,
  9.0,
  10.0,
  11.0,
  12.0,
  13.0,
  14.0
 ],
 "x_ctr": [
  0.5,
  1.5,
  2.5,
  3.5,
  4.5,
  5.5,
  6.5,
  7.5,
  8.5,
  9.5,
  10.5,
  11.5,
  12.5,
  13.5
 ],
 "value": [
  0.00107,
  0.0127,
  0.069,
  0.1533,
  0.2304,
  0.1955,
  0.1533,
  0.0934,
  0.0513,
  0.0252,
  0.0108,
  0.00265,
  0.000914,
  0.000325
 ],
 "stat": [
  0.00019,
  0.0009,
  0.0019,
  0.0024,
  0.0033,
  0.0024,
  0.0017,
  0.0011,
  0.0009,
  0.0012,
  0.0004,
  0.00012,
  3e-05,
  3.4e-05
 ],
 "syst": [
  0.0012,
  0.0031,
  0.014,
  0.015,
  0.013,
  0.011,
  0.017,
  0.014,
  0.013,
  0.004,
  0.005,
  0.0018,
  0.0012,
  0.00024
 ],
 "xlabel": "$M [GeV/c^{2}]$",
 "ylabel": "$1/N dN/dM [c^{2}/GeV]$",
 "inspire": "ins1853218",
 "recid": 102953,
 "version": 2,
 "figure": "Figure 4.0.2",
 "table_id": 1386083,
 "obs": "m",
 "pt_lo": 30,
 "pt_hi": 40
}