{
 "x_lo": [
  0.0,
  1.0,
  2.0,
  3.0,
  4.0,
  5.0,
  6.0,
  7.0,
  8.0,
  9.0,
  10.0,
  11.0
 ],
 "x_hi": [
  1.0,
  2.0,
  3.0,
  4.0,
  5.0,
  6.0,
  7.0,
  8.0,
  9.0,
  10.0,
  11.0,
  12.0
 ],
 "x_ctr": [
  0.5,
  1.5,
  2.5,
  3.5,
  4.5,
  5.5,
  6.5,
  7.5,
  8.5,
  9.5,
  10.5,
  11.5
 ],
 "value": [
  0.00254,
  0.0233,
  0.1132,
  0.205,
  0.2381,
  0.1853,
  0.1241,
  0.0664,
  0.02797,
  0.00986,
  0.002351,
  0.001927
 ],
 "stat": [
  0.0002,
  0.0008,
  0.0017,
  0.0021,
  0.002,
  0.0013,
  0.001,
  0.0005,
  0.00028,
  0.00012,
  3.5e-05,
  1.4e-05
 ],
 "syst": [
  0.0005,
  0.006,
  0.022,
  0.026,
  0.006,
  0.012,
  0.014,
  0.017,
  0.013,
  0.007,
  0.0023,
  0.0017
 ],
 "xlabel": "$M [GeV/c^{2}]$",
 "ylabel": "$1/N dN/dM [c^{2}/GeV]$",
 "inspire": "ins1853218",
 "recid": 102953,
 "version": 2,
 "figure": "Figure 4.0.1",
 "table_id": 1386082,
 "obs": "m",
 "pt_lo": 25,
 "pt_hi": 30
}