{
 "x_lo": [
  0.0,
  1.0,
  2.0,
  3.0,
  4.0,
  5.0,
  6.0,
  7.0,
  8.0,
  9.0,
  10.0,
  11.0
 ],
 "x_hi": [
  1.0,
  2.0,
  3.0,
  4.0,
  5.0,
  6.0,
  7.0,
  8.0,
  9.0,
  10.0,
  11.0,
  12.0
 ],
 "x_ctr": [
  0.5,
  1.5,
  2.5,
  3.5,
  4.5,
  5.5,
  6.5,
  7.5,
  8.5,
  9.5,
  10.5,
  11.5
 ],
 "value": [
  0.00545,
  0.0375,
  0.1634,
  0.2644,
  0.2336,
  0.1593,
  0.08728,
  0.03485,
  0.01137,
  0.00246,
  0.0003746,
  4.72e-05
 ],
 "stat": [
  0.0001,
  0.0007,
  0.001,
  0.0012,
  0.0008,
  0.0005,
  0.00031,
  0.00021,
  0.00014,
  3.4e-05,
  2.1e-06,
  1.8e-06
 ],
 "syst": [
  0.0019,
  0.007,
  0.021,
  0.017,
  0.024,
  0.015,
  0.025,
  0.017,
  0.004,
  0.002,
  0.0006,
  0.0005
 ],
 "xlabel": "$M [GeV/c^{2}]$",
 "ylabel": "$1/N dN/dM [c^{2}/GeV]$",
 "inspire": "ins1853218",
 "recid": 102953,
 "version": 2,
 "figure": "Figure 4.0.0",
 "table_id": 1386081,
 "obs": "m",
 "pt_lo": 20,
 "pt_hi": 25
}