{
 "x_lo": [
  0.0,
  1.0,
  2.0,
  3.0,
  4.0,
  5.0,
  6.0,
  7.0,
  8.0,
  9.0,
  10.0,
  11.0
 ],
 "x_hi": [
  1.0,
  2.0,
  3.0,
  4.0,
  5.0,
  6.0,
  7.0,
  8.0,
  9.0,
  10.0,
  11.0,
  12.0
 ],
 "x_ctr": [
  0.5,
  1.5,
  2.5,
  3.5,
  4.5,
  5.5,
  6.5,
  7.5,
  8.5,
  9.5,
  10.5,
  11.5
 ],
 "value": [
  0.0294,
  0.1137,
  0.1858,
  0.2124,
  0.1813,
  0.1278,
  0.0787,
  0.0433,
  0.01744,
  0.00713,
  0.00123,
  0.00191
 ],
 "stat": [
  0.0008,
  0.0015,
  0.0017,
  0.0018,
  0.0015,
  0.0011,
  0.0008,
  0.0004,
  0.00021,
  0.00011,
  3.2e-05,
  1.6e-05
 ],
 "syst": [
  0.007,
  0.014,
  0.035,
  0.011,
  0.005,
  0.008,
  0.008,
  0.008,
  0.008,
  0.005,
  0.0012,
  0.0018
 ],
 "xlabel": "$M_{g} [GeV/c^{2}]$",
 "ylabel": "$1/N dN/dM_{g} [c^{2}/GeV]$",
 "inspire": "ins1853218",
 "recid": 102953,
 "version": 2,
 "figure": "Figure 4.1.1",
 "table_id": 1386085,
 "obs": "sd_m",
 "pt_lo": 25,
 "pt_hi": 30
}