{
 "x_lo": [
  0.0,
  1.0,
  2.0,
  3.0,
  4.0,
  5.0,
  6.0,
  7.0,
  8.0,
  9.0,
  10.0,
  11.0
 ],
 "x_hi": [
  1.0,
  2.0,
  3.0,
  4.0,
  5.0,
  6.0,
  7.0,
  8.0,
  9.0,
  10.0,
  11.0,
  12.0
 ],
 "x_ctr": [
  0.5,
  1.5,
  2.5,
  3.5,
  4.5,
  5.5,
  6.5,
  7.5,
  8.5,
  9.5,
  10.5,
  11.5
 ],
 "value": [
  0.0293,
  0.1271,
  0.2229,
  0.2306,
  0.1829,
  0.1146,
  0.05737,
  0.02475,
  0.0084,
  0.001756,
  0.0001826,
  6.29e-05
 ],
 "stat": [
  0.0005,
  0.0012,
  0.0012,
  0.001,
  0.0009,
  0.0005,
  0.00033,
  0.00019,
  9e-05,
  3.5e-05,
  2.8e-06,
  2.3e-06
 ],
 "syst": [
  0.005,
  0.014,
  0.022,
  0.008,
  0.018,
  0.01,
  0.01,
  0.011,
  0.004,
  0.0014,
  0.00026,
  0.0005
 ],
 "xlabel": "$M_{g} [GeV/c^{2}]$",
 "ylabel": "$1/N dN/dM_{g} [c^{2}/GeV]$",
 "inspire": "ins1853218",
 "recid": 102953,
 "version": 2,
 "figure": "Figure 4.1.0",
 "table_id": 1386084,
 "obs": "sd_m",
 "pt_lo": 20,
 "pt_hi": 25
}