{
 "x_lo": [
  0.0,
  1.0,
  2.0,
  3.0,
  4.0,
  5.0,
  6.0,
  7.0,
  8.0,
  9.0,
  10.0,
  11.0,
  12.0,
  13.0
 ],
 "x_hi": [
  1.0,
  2.0,
  3.0,
  4.0,
  5.0,
  6.0,
  7.0,
  8.0,
  9.0,
  10.0,
  11.0,
  12.0,
  13.0,
  14.0
 ],
 "x_ctr": [
  0.5,
  1.5,
  2.5,
  3.5,
  4.5,
  5.5,
  6.5,
  7.5,
  8.5,
  9.5,
  10.5,
  11.5,
  12.5,
  13.5
 ],
 "value": [
  0.0183,
  0.1097,
  0.1941,
  0.1933,
  0.1676,
  0.1187,
  0.0896,
  0.0536,
  0.0305,
  0.0169,
  0.00477,
  0.00193,
  0.000557,
  0.000207
 ],
 "stat": [
  0.001,
  0.0022,
  0.0029,
  0.0023,
  0.002,
  0.0014,
  0.0015,
  0.0008,
  0.0007,
  0.0005,
  0.00028,
  6e-05,
  2.8e-05,
  6e-06
 ],
 "syst": [
  0.006,
  0.012,
  0.013,
  0.008,
  0.014,
  0.012,
  0.008,
  0.006,
  0.008,
  0.0035,
  0.0033,
  0.0018,
  0.0006,
  0.00021
 ],
 "xlabel": "$M_{g} [GeV/c^{2}]$",
 "ylabel": "$1/N dN/dM_{g} [c^{2}/GeV]$",
 "inspire": "ins1853218",
 "recid": 102953,
 "version": 2,
 "figure": "Figure 4.1.2",
 "table_id": 1386086,
 "obs": "sd_m",
 "pt_lo": 30,
 "pt_hi": 40
}