{
    "pt": [
        10.000134468078613,
        10.553054332733154,
        11.337005138397217,
        12.539788246154785,
        13.193789005279541,
        14.209517478942871,
        15.02685260772705,
        16.536327362060547,
        17.655773162841797,
        19.212200164794922,
        20.494035720825195,
        23.48877239227295,
        26.287461280822754,
        30.08335304260254,
        33.42624282836914,
        39.446754455566406
    ],
    "nef": [
        0.01008902583271265,
        0.01139023993164301,
        0.04425622895359993,
        0.0918211005628109,
        0.20795132219791412,
        0.28240570425987244,
        0.43085046112537384,
        0.5144262909889221,
        0.7445208132266998,
        0.8521107137203217,
        0.9252288341522217,
        0.9579300582408905,
        0.9779126644134521
    ],
    "ch_ang_k1_b0.5": [
        0.060245828703045845,
        0.0852574035525322,
        0.11679545789957047,
        0.16269924491643906,
        0.1889771968126297,
        0.20933489501476288,
        0.2245757132768631,
        0.25309517979621887,
        0.28163234889507294,
        0.3168679475784302,
        0.35720646381378174,
        0.38614124059677124,
        0.41230763494968414
    ],
    "ch_ang_k1_b1": [
        0.02079039439558983,
        0.028806278482079506,
        0.04319179430603981,
        0.06214119307696819,
        0.0817539319396019,
        0.09789856895804405,
        0.11011992394924164,
        0.12359462678432465,
        0.13652342557907104,
        0.15059683471918106,
        0.16796047985553741,
        0.18114108592271805,
        0.20011559128761292
    ],
    "ch_ang_k1_b2": [
        0.015030154958367348,
        0.019848442636430264,
        0.023113971576094627,
        0.028237263672053814,
        0.030100534670054913,
        0.03332036919891834,
        0.03844675235450268,
        0.04474445432424545,
        0.05057287961244583,
        0.05666952580213547
    ],
    "ch_ang_k2_b0": [
        0.10962393134832382,
        0.14280745387077332,
        0.17243923991918564,
        0.21855514496564865,
        0.284446120262146,
        0.3670669049024582,
        0.4176166355609894,
        0.5191181898117065,
        0.5901731848716736,
        0.6540991961956024,
        0.7574395537376404,
        0.8716903328895569
    ],
    "leading_constit_pt": [
        1.158621907234192,
        1.499859869480133,
        1.734004259109497,
        2.053293824195862,
        2.3811824321746826,
        2.5803658962249756,
        3.3668216466903687,
        3.902395725250244,
        4.259808301925659,
        5.091475486755371,
        5.849198818206787,
        6.436552047729492,
        7.189628601074219,
        8.095519065856934,
        8.80062484741211,
        9.681276321411133,
        10.580310821533203,
        11.67964792251587,
        12.869042873382568,
        14.447241306304932,
        16.191134452819824,
        18.6415376663208,
        23.157541275024414,
        29.87122344970703
    ],
    "subleading_constit_pt": [
        0.20961149036884308,
        0.3064829111099243,
        0.491539865732193,
        0.6045681536197662,
        0.8334556221961975,
        1.0846716165542603,
        1.3016460537910461,
        1.6291846632957458,
        1.897092044353485,
        2.4818971157073975,
        3.1084201335906982,
        3.3422244787216187,
        3.8696058988571167,
        4.3014466762542725,
        4.739924192428589,
        5.188872814178467,
        5.5542378425598145,
        6.394410133361816,
        6.989718437194824,
        7.9061243534088135,
        10.075032711029053,
        12.261940956115723
    ],
    "hc_pt": [
        5.000027656555176,
        5.968532562255859,
        6.576185703277588,
        7.038279056549072,
        9.227796077728271,
        10.298157215118408,
        11.294788837432861,
        12.46733570098877,
        13.486981868743896,
        14.332030296325684,
        15.922995567321777,
        17.99706268310547,
        20.335448265075684,
        22.27837562561035,
        26.68496036529541,
        35.158077239990234
    ],
    "hc_ch_ang_k1_b0.5": [
        0.1048230417072773,
        0.12570011615753174,
        0.16275278478860855,
        0.17404229193925858,
        0.200386181473732,
        0.2249435931444168,
        0.2498662918806076,
        0.2875102162361145,
        0.3123677223920822,
        0.3648814857006073,
        0.4197317957878113
    ],
    "hc_ch_ang_k1_b1": [
        0.057443251833319664,
        0.06849265843629837,
        0.07999411970376968,
        0.09177241101861,
        0.10072051733732224,
        0.11111144348978996,
        0.13470157980918884,
        0.15772175043821335,
        0.2007603645324707
    ],
    "hc_ch_ang_k1_b2": [
        0.010292983148247004,
        0.014370302204042673,
        0.01901775784790516,
        0.023340368643403053,
        0.027590250596404076,
        0.031648481264710426,
        0.03434586897492409,
        0.04180216044187546,
        0.056074563413858414
    ],
    "hc_ch_ang_k2_b0": [
        0.036660633981227875,
        0.042753398418426514,
        0.07140843570232391,
        0.08785032108426094,
        0.12154009565711021,
        0.17211543023586273,
        0.22346146404743195,
        0.2837849259376526,
        0.36748307943344116,
        0.49449265003204346,
        0.5806286931037903,
        0.6572152376174927,
        0.7382996380329132,
        0.8696163594722748,
        0.9592795968055725
    ]
}
