{
    "pt": [
        10.000070571899414,
        10.039927005767822,
        10.638136386871338,
        11.12757396697998,
        11.559016704559326,
        11.925607681274414,
        12.375438690185547,
        12.959044933319092,
        13.512109279632568,
        14.249568939208984,
        14.81452465057373,
        15.264582633972168,
        15.978055477142334,
        16.603124618530273,
        17.088844299316406,
        17.965045928955078,
        19.199851036071777,
        20.131359100341797,
        21.60962200164795,
        22.593270301818848,
        22.60691547393799,
        24.182393074035645,
        25.686232566833496,
        27.35040283203125,
        29.27997875213623,
        32.73606300354004,
        34.972373962402344,
        40.859928131103516,
        52.47091293334961
    ],
    "nef": [
        0.010071244090795517,
        0.013884986750781536,
        0.03960021212697029,
        0.06037208437919617,
        0.0888342335820198,
        0.18687545508146286,
        0.24007192254066467,
        0.29477667808532715,
        0.41691580414772034,
        0.4654930531978607,
        0.5225911140441895,
        0.553883969783783,
        0.6675473749637604,
        0.7480382025241852,
        0.8115348517894745,
        0.8611961901187897,
        0.8999982476234436
    ],
    "ch_ang_k1_b0.5": [
        0.007342041935771704,
        0.018560275435447693,
        0.027825990691781044,
        0.036989009007811546,
        0.050181956961750984,
        0.07229704409837723,
        0.092638298869133,
        0.11230026558041573,
        0.13238931447267532,
        0.1551404893398285,
        0.17570608109235764,
        0.25951002538204193,
        0.29891882836818695,
        0.3301049768924713,
        0.3580792397260666,
        0.38048818707466125,
        0.4153524786233902,
        0.44207198917865753,
        0.45857521891593933,
        0.4987858235836029,
        0.5331893265247345,
        0.5598369538784027,
        0.5837236046791077,
        0.6119827926158905,
        0.6364297270774841,
        0.6628209352493286,
        0.7032855451107025,
        0.7207540571689606,
        0.7754500508308411
    ],
    "ch_ang_k1_b1": [
        0.0015886906767264009,
        0.005516690667718649,
        0.008654222823679447,
        0.0140708745457232,
        0.020123029127717018,
        0.02605506405234337,
        0.03363389894366264,
        0.04184889793395996,
        0.05103445425629616,
        0.060595884919166565,
        0.07210109755396843,
        0.08502182736992836,
        0.10283452644944191,
        0.1478889286518097,
        0.1718619391322136,
        0.1936047375202179,
        0.2093975469470024,
        0.2346702143549919,
        0.24609480798244476,
        0.26322779059410095,
        0.2752874195575714,
        0.30474041402339935,
        0.3252960741519928,
        0.35317187011241913,
        0.374839723110199,
        0.3989439457654953,
        0.43324293196201324,
        0.45876143872737885,
        0.48233841359615326,
        0.5183814764022827,
        0.5725847780704498,
        0.6159489154815674
    ],
    "ch_ang_k1_b2": [
        4.482603799260687e-07,
        0.0006203697703313082,
        0.003787413239479065,
        0.007086221594363451,
        0.011194413527846336,
        0.01780662313103676,
        0.02578932698816061,
        0.05613250844180584,
        0.06845567002892494,
        0.08746998012065887,
        0.0961737409234047,
        0.1041758842766285,
        0.11653905734419823,
        0.12697606533765793,
        0.1406450942158699,
        0.15244685113430023,
        0.16093382984399796,
        0.17233803123235703,
        0.18382204324007034,
        0.1941191554069519,
        0.21251904219388962,
        0.2252083718776703,
        0.24694601446390152,
        0.2683762162923813,
        0.29630695283412933,
        0.31721968948841095,
        0.3555615395307541,
        0.42122745513916016
    ],
    "ch_ang_k2_b0": [
        0.010005351155996323,
        0.03629152849316597,
        0.06329967081546783,
        0.07745993509888649,
        0.08826969191431999,
        0.10803177952766418,
        0.13192246109247208,
        0.14876192808151245,
        0.1708453968167305,
        0.19547279924154282,
        0.22813919186592102,
        0.25737571716308594,
        0.2939184457063675,
        0.3315006494522095,
        0.3744453191757202,
        0.410945400595665,
        0.46575401723384857,
        0.5091832280158997,
        0.5420047640800476,
        0.5953996181488037,
        0.6778479218482971,
        0.7215608060359955,
        0.7869852185249329,
        0.8544827699661255,
        0.9214458465576172,
        0.9684264659881592
    ],
    "leading_constit_pt": [
        1.052876591682434,
        1.460429310798645,
        1.6461488008499146,
        1.8809958696365356,
        2.0989736318588257,
        2.3731865882873535,
        2.5359829664230347,
        2.855500340461731,
        3.179894208908081,
        3.7216464281082153,
        3.9368637800216675,
        4.1114890575408936,
        4.23234748840332,
        4.419440746307373,
        5.0520241260528564,
        5.37288236618042,
        5.70033860206604,
        6.000935316085815,
        6.38946270942688,
        6.7004172801971436,
        7.0865349769592285,
        7.38747501373291,
        7.893826961517334,
        8.46674633026123,
        8.896010398864746,
        9.175366401672363,
        9.691174030303955,
        10.193675518035889,
        10.956494331359863,
        11.625404357910156,
        12.506128311157227,
        13.347321033477783,
        14.526949405670166,
        15.610580921173096,
        17.0810489654541,
        19.89884853363037,
        22.144847869873047,
        29.975326538085938
    ],
    "subleading_constit_pt": [
        0.2076069861650467,
        0.25785839557647705,
        0.38304151594638824,
        0.5194464325904846,
        0.6420248746871948,
        0.7485472559928894,
        0.9393855035305023,
        1.0666741728782654,
        1.2016299962997437,
        1.3705915808677673,
        1.5061302781105042,
        1.600554883480072,
        1.7798126339912415,
        2.0035061836242676,
        2.4232178926467896,
        2.783246397972107,
        2.9756152629852295,
        3.194138765335083,
        3.3530831336975098,
        3.5872979164123535,
        3.8010207414627075,
        4.246071100234985,
        4.454067230224609,
        4.661858558654785,
        4.897976875305176,
        5.176485061645508,
        5.5683088302612305,
        5.930241346359253,
        6.467048645019531,
        6.992187976837158,
        7.498633623123169,
        8.502940654754639,
        9.118865966796875,
        10.26140832901001,
        12.482518196105957
    ],
    "sd_pt": [
        5.003791332244873,
        5.2138307094573975,
        5.591357469558716,
        5.987043380737305,
        6.479717493057251,
        6.702131986618042,
        6.943060636520386,
        7.209418535232544,
        7.7544331550598145,
        8.27110242843628,
        8.722351551055908,
        9.478780746459961,
        9.999844074249268,
        10.299332618713379,
        10.750918865203857,
        11.069299221038818,
        11.558022499084473,
        11.9730863571167,
        12.640801906585693,
        13.152674198150635,
        13.801950931549072,
        14.537173748016357,
        14.93274450302124,
        15.86579179763794,
        16.76637554168701,
        17.590750694274902,
        18.440561294555664,
        19.68065643310547,
        20.522950172424316,
        22.099757194519043,
        23.51707363128662,
        25.30311107635498,
        27.59375,
        29.680076599121094,
        31.633506774902344,
        37.589595794677734,
        48.9713134765625
    ],