{
    "pt": [
        10.00010871887207,
        10.333879947662354,
        11.046846866607666,
        11.682578086853027,
        12.508378982543945,
        13.300422668457031,
        13.740880966186523,
        14.339143753051758,
        15.124727249145508,
        16.325151443481445,
        17.479711532592773,
        18.68833065032959,
        19.86894989013672,
        20.638587951660156,
        21.851004600524902,
        23.398828506469727,
        25.078328132629395,
        27.645474433898926,
        29.534131050109863,
        33.560791015625,
        36.11978340148926,
        42.737783432006836,
        53.951778411865234
    ],
    "m": [
        0.37465396523475647,
        0.6819643676280975,
        0.9156740605831146,
        1.0382508039474487,
        1.1708166003227234,
        1.2574788331985474,
        1.4527153968811035,
        1.5688007473945618,
        1.717304527759552,
        1.8654255867004395,
        1.9458732604980469,
        2.0564541816711426,
        2.2506678104400635,
        2.2513551712036133,
        2.886665940284729,
        3.146014451980591,
        3.2855451107025146,
        3.5122292041778564,
        3.7295830249786377,
        3.9041439294815063,
        4.037357330322266,
        4.232515096664429,
        4.442615509033203,
        4.704685211181641,
        4.934622049331665,
        5.21241021156311,
        5.469768524169922,
        5.823988199234009,
        6.353558301925659,
        6.976579189300537,
        7.711957931518555,
        9.734638214111328
    ],
    "nef": [
        0.010048078373074532,
        0.013675992842763662,
        0.04801561310887337,
        0.08548081293702126,
        0.20008185505867004,
        0.27036572992801666,
        0.4390268921852112,
        0.5088878571987152,
        0.5602553188800812,
        0.6995852291584015,
        0.7733853161334991,
        0.8183111548423767,
        0.8787950575351715,
        0.8999875783920288
    ],
    "ch_ang_k1_b0.5": [
        0.010320032015442848,
        0.018879459239542484,
        0.026371343061327934,
        0.03563036024570465,
        0.05594463646411896,
        0.07759120315313339,
        0.09773199632763863,
        0.11361940205097198,
        0.1312669888138771,
        0.14766307920217514,
        0.17142949998378754,
        0.17145759612321854,
        0.2758226841688156,
        0.2977209538221359,
        0.33824364840984344,
        0.3710598647594452,
        0.4053124338388443,
        0.4411522299051285,
        0.4638069123029709,
        0.49889346957206726,
        0.5462817251682281,
        0.5837708711624146,
        0.6205797791481018,
        0.6519451141357422,
        0.6838046908378601,
        0.74554044008255
    ],
    "ch_ang_k1_b1": [
        0.0032323230989277363,
        0.0122348559089005,
        0.0180664099752903,
        0.023407193832099438,
        0.028874820098280907,
        0.033634746447205544,
        0.04231976345181465,
        0.049620263278484344,
        0.06288403645157814,
        0.07062502577900887,
        0.08809967339038849,
        0.14867929369211197,
        0.177622489631176,
        0.1978163942694664,
        0.2270086109638214,
        0.24252991378307343,
        0.2622966021299362,
        0.28557153046131134,
        0.30574044585227966,
        0.33989793062210083,
        0.363641694188118,
        0.38929034769535065,
        0.4121759533882141,
        0.43687114119529724,
        0.48400643467903137,
        0.526348352432251,
        0.6043029427528381
    ],
    "ch_ang_k1_b2": [
        1.9513454390107654e-06,
        1.6500617675774265e-05,
        0.0017233460675925016,
        0.004362336592748761,
        0.009415930602699518,
        0.016022619791328907,
        0.022671851329505444,
        0.06258529052138329,
        0.07886382937431335,
        0.09232118353247643,
        0.10050604492425919,
        0.11423123255372047,
        0.12677937000989914,
        0.14430704712867737,
        0.1549517810344696,
        0.17116715013980865,
        0.18465662002563477,
        0.20912222564220428,
        0.23646526038646698,
        0.24794001132249832,
        0.27163688838481903,
        0.3086015582084656,
        0.3392588496208191,
        0.4007723033428192
    ],
    "ch_ang_k2_b0": [
        0.010001800954341888,
        0.04909868724644184,
        0.06767122820019722,
        0.08892320841550827,
        0.11185918375849724,
        0.1424788236618042,
        0.17661544680595398,
        0.2138633280992508,
        0.2702627182006836,
        0.3138475716114044,
        0.36591871082782745,
        0.41282106935977936,
        0.4993404299020767,
        0.5409896075725555,
        0.6002954840660095,
        0.6742842495441437,
        0.7573269307613373,
        0.8311562240123749,
        0.91217240691185,
        0.9778497219085693
    ],
    "sd_pt": [
        5.003083229064941,
        5.42078709602356,
        5.84257960319519,
        6.483082056045532,
        6.90267276763916,
        7.261229991912842,
        7.900662183761597,
        8.310197353363037,
        8.999239444732666,
        9.31748342514038,
        10.000511169433594,
        10.462145805358887,
        10.918997287750244,
        11.750592708587646,
        12.129704475402832,
        13.18959093093872,
        13.801840782165527,
        14.587998867034912,
        15.563361167907715,
        16.58782386779785,
        17.90965747833252,
        19.24226188659668,
        20.978568077087402,
        22.052001953125,
        23.91948890686035,
        26.14863872528076,
        30.09182357788086,
        34.207624435424805,
        48.365501403808594
    ],
    "sd_m": [
        0.2791261076927185,
        0.3111543208360672,
        0.32896678149700165,
        0.34186384081840515,
        0.37954501807689667,
        0.3985762894153595,
        0.429110050201416,
        0.5242713093757629,
        0.6874972283840179,
        0.9431167244911194,
        1.1054480075836182,
        1.3602025508880615,
        1.7029486298561096,
        2.30920672416687,
        2.7819069623947144,
        2.98404061794281,
        3.1661282777786255,
        3.394970655441284,
        3.5670244693756104,
        3.747087597846985,
        4.052129745483398,
        4.3497748374938965,
        4.618614912033081,
        5.037744998931885,
        5.7133948802948,
        6.79037880897522,
        8.270881175994873,
        10.403985977172852
    ],
    "sd_dR": [
        0.06000667065382004,
        0.10013814270496368,
        0.12938061356544495,
        0.20879124850034714,
        0.24283843487501144,
        0.3111957460641861,
        0.3399677872657776,
        0.36352652311325073,
        0.38027413189411163,
        0.40002118051052094,
        0.4024927169084549,
        0.4176141768693924,
        0.4375346451997757,
        0.4507676661014557
    ],
    "sd_symmetry": [
        0.20000112056732178,
        0.22715052217245102,
        0.25554558634757996,
        0.2996149957180023,
        0.3312790244817734,
        0.40527239441871643,
        0.4999997019767761
    ],
    "sd_ch_ang_k1_b0.5": [
        0.0018163189524784684,
        0.006267777178436518,
        0.009424247313290834,
        0.039337849244475365,
        0.053251778706908226,
        0.07520612701773643,
        0.08691789954900742,
        0.09958527982234955,
        0.11119785532355309,
        0.22922036051750183,
        0.2735373079776764,
        0.310716837644577,
        0.3421757370233536,
        0.34222209453582764,
        0.37805256247520447,
        0.42127658426761627,
        0.4698784798383713,
        0.5021336376667023,
        0.5470419526100159,
        0.572382241487503,
        0.6094389855861664,
        0.6383563578128815,
        0.6720686852931976,
        0.7165988683700562,
        0.755162239074707
    ],