{
    "pt": [
        10.000096321105957,
        10.297071933746338,
        11.10723876953125,
        11.792167663574219,
        12.474488258361816,
        13.057597160339355,
        13.651078701019287,
        14.522977352142334,
        15.125250339508057,
        16.513794898986816,
        17.56469440460205,
        19.206565856933594,
        20.5170259475708,
        21.289085388183594,
        23.22145938873291,
        25.137104988098145,
        26.93002414703369,
        29.301668167114258,
        33.149240493774414,
        37.3778190612793,
        48.15883255004883
    ],
    "m": [
        0.3243599236011505,
        0.5411761403083801,
        0.8625185787677765,
        1.0364047288894653,
        1.1669231057167053,
        1.2970309257507324,
        1.4259711503982544,
        1.5433123707771301,
        1.7342232465744019,
        1.9036948680877686,
        2.069131016731262,
        2.2404531240463257,
        2.9512927532196045,
        3.2605501413345337,
        3.4645254611968994,
        3.722415328025818,
        4.002796173095703,
        4.287692546844482,
        4.515624284744263,
        4.799663782119751,
        5.176499128341675,
        5.370193004608154,
        5.957868814468384,
        6.582032203674316,
        7.310102462768555,
        8.388983249664307,
        11.276390075683594
    ],
    "nef": [
        0.010007064789533615,
        0.012074985075742006,
        0.06220717541873455,
        0.0897892527282238,
        0.18855129927396774,
        0.25748004019260406,
        0.4097438305616379,
        0.4618973284959793,
        0.5360185503959656,
        0.7198368906974792,
        0.7893089652061462,
        0.8358065783977509,
        0.8999930620193481
    ],
    "ch_ang_k1_b0.5": [
        0.005262336228042841,
        0.021674669347703457,
        0.029996107332408428,
        0.04062816686928272,
        0.04978802427649498,
        0.06430187076330185,
        0.0844539925456047,
        0.1045297421514988,
        0.12745723128318787,
        0.15692520886659622,
        0.2966213673353195,
        0.3456575721502304,
        0.3847994804382324,
        0.43271318078041077,
        0.47953829169273376,
        0.5111373960971832,
        0.5508837103843689,
        0.5832218527793884,
        0.6103268265724182,
        0.6535567343235016,
        0.6993458271026611,
        0.7361041307449341
    ],
    "ch_ang_k1_b1": [
        0.0032023373059928417,
        0.009989806916564703,
        0.013117816764861345,
        0.020124830305576324,
        0.025662976317107677,
        0.033465614542365074,
        0.0376990158110857,
        0.051065048202872276,
        0.06329785287380219,
        0.07906543463468552,
        0.09689754992723465,
        0.1475502997636795,
        0.178506501019001,
        0.20685596019029617,
        0.2269079089164734,
        0.24421169608831406,
        0.26456910371780396,
        0.2843264490365982,
        0.30392831563949585,
        0.32431358098983765,
        0.3476549983024597,
        0.3670669049024582,
        0.39568768441677094,
        0.4197668433189392,
        0.4562106877565384,
        0.5047989189624786,
        0.5602298676967621,
        0.6193997859954834
    ],
    "ch_ang_k1_b2": [
        1.2873424566350877e-05,
        0.0015330046880990267,
        0.004424676997587085,
        0.011955288238823414,
        0.020571133121848106,
        0.056552113965153694,
        0.07383262366056442,
        0.08882889524102211,
        0.10606648772954941,
        0.11134839802980423,
        0.11138924211263657,
        0.1263953149318695,
        0.1495247408747673,
        0.16604965180158615,
        0.1815009042620659,
        0.19820091873407364,
        0.21108929812908173,
        0.2352439984679222,
        0.26018883287906647,
        0.28148745000362396,
        0.33587646484375,
        0.42122745513916016
    ],
    "ch_ang_k2_b0": [
        0.010008280165493488,
        0.04799951985478401,
        0.07131627202033997,
        0.09259902313351631,
        0.11332657188177109,
        0.14169518649578094,
        0.1741594299674034,
        0.21275091916322708,
        0.2478497326374054,
        0.2730892151594162,
        0.31765277683734894,
        0.37439604103565216,
        0.4275835007429123,
        0.4813833087682724,
        0.5279188454151154,
        0.5951110124588013,
        0.6497385203838348,
        0.7700744569301605,
        0.858813464641571,
        0.9712716937065125
    ],
    "sd_pt": [
        5.002964496612549,
        5.678367376327515,
        6.408087491989136,
        6.835202693939209,
        7.295121192932129,
        7.722358465194702,
        8.506443500518799,
        9.245859622955322,
        9.999049186706543,
        10.394451141357422,
        10.721692085266113,
        11.185742855072021,
        11.722417831420898,
        12.436859607696533,
        13.075025081634521,
        13.65148401260376,
        14.612871646881104,
        15.641097068786621,
        16.24093723297119,
        17.648395538330078,
        18.804505348205566,
        19.874208450317383,
        21.195164680480957,
        22.346689224243164,
        23.982627868652344,
        25.762049674987793,
        28.280323028564453,
        30.963851928710938,
        38.51087188720703,
        45.7159423828125
    ],
    "sd_m": [
        0.2791670858860016,
        0.2927864044904709,
        0.3241775631904602,
        0.33784545958042145,
        0.37649238109588623,
        0.39639295637607574,
        0.4173293858766556,
        0.5518157184123993,
        0.7805978655815125,
        1.0440937280654907,
        1.3590957522392273,
        1.5536959171295166,
        2.4108827114105225,
        2.7817848920822144,
        3.0189223289489746,
        3.3114277124404907,
        3.4504748582839966,
        3.716372489929199,
        4.0237085819244385,
        4.281189441680908,
        4.5995261669158936,
        4.923832416534424,
        5.4393041133880615,
        6.366391897201538,
        7.350157737731934,
        8.897628784179688,
        12.70899486541748
    ],
    "sd_dR": [
        0.06000034138560295,
        0.06000039726495743,
        0.09899765625596046,
        0.13463345915079117,
        0.214959055185318,
        0.2529086321592331,
        0.32003945112228394,
        0.34996603429317474,
        0.3706488311290741,
        0.3893066942691803,
        0.40010949969291687,
        0.40959277749061584,
        0.4181267321109772,
        0.45493438839912415
    ],
    "sd_symmetry": [
        0.2000073790550232,
        0.21607284247875214,
        0.21608009189367294,
        0.24926446378231049,
        0.2989325076341629,
        0.3546195477247238,
        0.41089269518852234,
        0.4999997615814209
    ],
    "sd_ch_ang_k1_b0.5": [
        0.0024342190008610487,
        0.004723656456917524,
        0.008797452319413424,
        0.029626903124153614,
        0.05786608159542084,
        0.0738496333360672,
        0.09293273463845253,
        0.10593130066990852,
        0.12074592709541321,
        0.2122168391942978,
        0.27191445231437683,
        0.3007465898990631,
        0.3556443005800247,
        0.37719473242759705,
        0.3778461366891861,
        0.42351099848747253,
        0.4547935426235199,
        0.5024358630180359,
        0.548012763261795,
        0.5648985207080841,
        0.5987848043441772,
        0.6372906565666199,
        0.6711755096912384,
        0.7028308510780334,
        0.7414095997810364
    ],