{
    "pt": [
        10.00014877319336,
        10.267609596252441,
        10.790085792541504,
        11.200977802276611,
        11.906576156616211,
        12.397908210754395,
        12.867231845855713,
        13.218881607055664,
        13.869571685791016,
        14.588937282562256,
        15.323376655578613,
        16.26600742340088,
        16.83682632446289,
        17.736544609069824,
        19.048768997192383,
        19.88687229156494,
        20.755077362060547,
        22.397321701049805,
        23.327998161315918,
        25.19098949432373,
        26.686176300048828,
        28.583943367004395,
        31.52720832824707,
        33.49318313598633,
        36.71189308166504,
        44.93461036682129,
        57.08974075317383
    ],
    "m": [
        0.2797267735004425,
        0.48084592819213867,
        0.6849683225154877,
        0.8679699003696442,
        1.0123972296714783,
        1.0942120552062988,
        1.2966160774230957,
        1.362564742565155,
        1.458771288394928,
        1.5312512516975403,
        1.594955861568451,
        1.595120906829834,
        1.7144721746444702,
        1.794640302658081,
        1.9153465628623962,
        1.9938775897026062,
        2.1747448444366455,
        2.305190682411194,
        2.875542640686035,
        2.9751062393188477,
        3.1376179456710815,
        3.292732357978821,
        3.4150880575180054,
        3.5614547729492188,
        3.7179447412490845,
        3.878949522972107,
        4.063006162643433,
        4.23585319519043,
        4.485723972320557,
        4.7155914306640625,
        5.002417802810669,
        5.398334264755249,
        5.634749174118042,
        5.928921937942505,
        6.30306077003479,
        6.927883863449097,
        7.796446084976196,
        8.716249942779541,
        13.136750221252441
    ],
    "nef": [
        0.010127868503332138,
        0.01352831069380045,
        0.03710315749049187,
        0.06065879389643669,
        0.08532609045505524,
        0.18477439135313034,
        0.234829381108284,
        0.268014594912529,
        0.4124807268381119,
        0.4635869413614273,
        0.5341745316982269,
        0.6605740189552307,
        0.721836268901825,
        0.7650505602359772,
        0.8076321184635162,
        0.8502841889858246,
        0.8999879360198975
    ],
    "ch_ang_k1_b0.5": [
        0.005262336228042841,
        0.016801953315734863,
        0.022619115188717842,
        0.031759174540638924,
        0.03908383660018444,
        0.051141394302248955,
        0.0601810272783041,
        0.07271093130111694,
        0.08515884354710579,
        0.09508464485406876,
        0.11453767865896225,
        0.13684895634651184,
        0.1641899272799492,
        0.20724781602621078,
        0.2710942178964615,
        0.3077240139245987,
        0.3313803970813751,
        0.3686444014310837,
        0.3889368623495102,
        0.41937701404094696,
        0.4640464633703232,
        0.48187072575092316,
        0.5143204033374786,
        0.5477477312088013,
        0.5772438049316406,
        0.60516557097435,
        0.6419920027256012,
        0.6687099039554596,
        0.7064017653465271,
        0.7524815797805786
    ],
    "ch_ang_k1_b1": [
        0.0006642785738222301,
        0.005981750087812543,
        0.011829887516796589,
        0.019450606778264046,
        0.02243800926953554,
        0.030092126689851284,
        0.03778134658932686,
        0.05026544816792011,
        0.058073149994015694,
        0.06641912087798119,
        0.07719044387340546,
        0.093988798558712,
        0.14201737940311432,
        0.1605542004108429,
        0.18395620584487915,
        0.19934789091348648,
        0.2211969643831253,
        0.23578139394521713,
        0.2540438324213028,
        0.2719821482896805,
        0.29291872680187225,
        0.31862473487854004,
        0.32924026250839233,
        0.3517507165670395,
        0.3764883577823639,
        0.38914358615875244,
        0.41522306203842163,
        0.4472070783376694,
        0.47964170575141907,
        0.5095517039299011,
        0.5549856126308441,
        0.6193997859954834
    ],
    "ch_ang_k1_b2": [
        4.0633376556797884e-06,
        0.0009280584054067731,
        0.0034330483758822083,
        0.006424986058846116,
        0.011260110884904861,
        0.014933304395526648,
        0.02168766688555479,
        0.02698381058871746,
        0.05965912714600563,
        0.07059880346059799,
        0.07843438163399696,
        0.08904706686735153,
        0.09756739437580109,
        0.10811253637075424,
        0.11601869761943817,
        0.12605184316635132,
        0.1376376450061798,
        0.1506143882870674,
        0.16323714703321457,
        0.17572634667158127,
        0.19481339305639267,
        0.21086852252483368,
        0.23567473143339157,
        0.26595719158649445,
        0.2980990558862686,
        0.32647605240345,
        0.3757224529981613,
        0.40420567989349365
    ],
    "ch_ang_k2_b0": [
        0.01000275555998087,
        0.04313366860151291,
        0.06365559622645378,
        0.07553837820887566,
        0.08612939715385437,
        0.101148821413517,
        0.12104277685284615,
        0.1318322867155075,
        0.14514096826314926,
        0.17248393595218658,
        0.196127749979496,
        0.22798921167850494,
        0.27244555950164795,
        0.3005259186029434,
        0.3444441109895706,
        0.38396188616752625,
        0.4369329661130905,
        0.4797048568725586,
        0.5250290334224701,
        0.566377192735672,
        0.6113517582416534,
        0.6802786886692047,
        0.7261078059673309,
        0.7788360714912415,
        0.8629601895809174,
        0.9218638241291046,
        0.9694360494613647
    ],
    "sd_pt": [
        5.001996994018555,
        5.065109968185425,
        5.597969055175781,
        5.9881932735443115,
        6.4459733963012695,
        6.627195119857788,
        7.153478145599365,
        7.58449649810791,
        7.846120357513428,
        8.210044384002686,
        8.532968997955322,
        9.316002368927002,
        9.999127864837646,
        10.493359565734863,
        11.074904441833496,
        11.636723041534424,
        12.472121238708496,
        13.074020385742188,
        13.724841594696045,
        14.343317985534668,
        14.924093246459961,
        15.69658088684082,
        16.290657997131348,
        16.96026039123535,
        17.709686279296875,
        18.279787063598633,
        19.18812656402588,
        20.065939903259277,
        21.561165809631348,
        23.483259201049805,
        24.935778617858887,
        26.486018180847168,
        27.673319816589355,
        29.772499084472656,
        32.73479080200195,
        38.46723937988281,
        49.71622085571289
    ],
    "sd_m": [
        0.27901673316955566,
        0.28384222090244293,
        0.31858696043491364,
        0.33468037843704224,
        0.38031812012195587,
        0.40335695445537567,
        0.7299515604972839,
        1.086364209651947,
        1.255892813205719,
        1.4387573599815369,
        1.6830214858055115,
        2.385624408721924,
        2.652018666267395,
        2.938612699508667,
        3.137079954147339,
        3.3134154081344604,
        3.4059643745422363,
        3.5614107847213745,
        3.726024031639099,
        3.882735848426819,
        4.025970220565796,
        4.209928274154663,
        4.428329229354858,
        4.7181291580200195,
        4.96265983581543,
        5.217926740646362,
        5.731580495834351,
        6.181505441665649,
        6.53493070602417,
        7.6202991008758545,
        8.521333694458008,
        10.708866119384766
    ],