{
    "pt": [
        10.000070571899414,
        10.625802040100098,
        11.13429069519043,
        11.559494972229004,
        12.376357555389404,
        13.05215311050415,
        13.512845039367676,
        14.249231815338135,
        14.883337020874023,
        15.65886926651001,
        16.619580268859863,
        17.910786628723145,
        19.17583656311035,
        20.127416610717773,
        21.62709903717041,
        23.165146827697754,
        24.225173950195312,
        25.642306327819824,
        27.389025688171387,
        28.37670612335205,
        30.433998107910156,
        35.19980049133301,
        41.136837005615234,
        52.47091293334961
    ],
    "nef": [
        0.010071244090795517,
        0.011636460665613413,
        0.03960515186190605,
        0.06205929070711136,
        0.08881939947605133,
        0.22163616120815277,
        0.26275070011615753,
        0.4167918413877487,
        0.47159305214881897,
        0.5427906811237335,
        0.6688379049301147,
        0.7580601274967194,
        0.8147877752780914,
        0.8603578805923462,
        0.8999982476234436
    ],
    "ch_ang_k1_b0.5": [
        0.007342041935771704,
        0.018719052895903587,
        0.027873373590409756,
        0.036989009007811546,
        0.05250057019293308,
        0.07229654863476753,
        0.09252364188432693,
        0.11453224718570709,
        0.13922835886478424,
        0.17488999664783478,
        0.2595406621694565,
        0.2969472408294678,
        0.33150316774845123,
        0.3703381419181824,
        0.39783141016960144,
        0.4420925974845886,
        0.4852309226989746,
        0.5038711428642273,
        0.5321741104125977,
        0.5599308609962463,
        0.5838307440280914,
        0.634481281042099,
        0.6627898812294006,
        0.7032855451107025,
        0.74554044008255
    ],
    "ch_ang_k1_b1": [
        0.0018857792019844055,
        0.005978476256132126,
        0.012882948853075504,
        0.0204117763787508,
        0.027158493176102638,
        0.037248674780130386,
        0.044740209355950356,
        0.05809075012803078,
        0.06873682886362076,
        0.0853690393269062,
        0.15054621547460556,
        0.18135050684213638,
        0.20866821706295013,
        0.24321698397397995,
        0.27295494079589844,
        0.3043428510427475,
        0.3269648253917694,
        0.3523557335138321,
        0.38306018710136414,
        0.40251608192920685,
        0.43324293196201324,
        0.48233841359615326,
        0.4994964301586151,
        0.5725847780704498,
        0.6159489154815674
    ],
    "ch_ang_k1_b2": [
        4.482603799260687e-07,
        0.0010992374154739082,
        0.00515579991042614,
        0.009819007944315672,
        0.016497927717864513,
        0.025983906351029873,
        0.054540812969207764,
        0.06818858161568642,
        0.09196047112345695,
        0.10649709030985832,
        0.11724274978041649,
        0.12711914628744125,
        0.13661706447601318,
        0.152422733604908,
        0.16557898372411728,
        0.18382204324007034,
        0.19856294244527817,
        0.21729153394699097,
        0.2372073233127594,
        0.2679733484983444,
        0.31666238605976105,
        0.3477211445569992,
        0.39682990312576294
    ],
    "ch_ang_k2_b0": [
        0.010005351155996323,
        0.04168814606964588,
        0.06506072729825974,
        0.08803395554423332,
        0.10803139954805374,
        0.13736292719841003,
        0.16100505739450455,
        0.19223253428936005,
        0.2293395921587944,
        0.27534233033657074,
        0.33147215843200684,
        0.3638179153203964,
        0.41319379210472107,
        0.4659038335084915,
        0.515661746263504,
        0.6053284108638763,
        0.6778479218482971,
        0.7454145848751068,
        0.8033596575260162,
        0.8671644330024719,
        0.9670901894569397
    ],
    "leading_constit_pt": [
        1.1035505533218384,
        1.4248927235603333,
        1.7186519503593445,
        1.967145562171936,
        2.2765003442764282,
        2.5100443363189697,
        2.856250524520874,
        3.3351895809173584,
        3.854799747467041,
        4.111429214477539,
        4.231428861618042,
        4.434081792831421,
        5.0520241260528564,
        5.33903956413269,
        5.698852062225342,
        6.038815975189209,
        6.70055890083313,
        7.374747276306152,
        8.016584873199463,
        8.806290626525879,
        9.528936386108398,
        10.194112300872803,
        10.950592994689941,
        11.618871688842773,
        12.506128311157227,
        13.543023586273193,
        15.079731941223145,
        17.306354522705078,
        19.775291442871094,
        22.492599487304688,
        29.944156646728516
    ],
    "subleading_constit_pt": [
        0.22083725035190582,
        0.35311977565288544,
        0.5194464325904846,
        0.6559403538703918,
        0.7506725192070007,
        0.9468334019184113,
        1.0668467283248901,
        1.2126520872116089,
        1.3711655735969543,
        1.509420931339264,
        1.7811791896820068,
        1.9881895184516907,
        1.9901400804519653,
        2.4234730005264282,
        2.808311700820923,
        3.1967040300369263,
        3.426751136779785,
        3.6887574195861816,
        4.261894464492798,
        4.4539103507995605,
        4.662523508071899,
        4.898117780685425,
        5.16831374168396,
        5.514880418777466,
        5.9495849609375,
        6.431794166564941,
        6.922013759613037,
        7.410713195800781,
        8.631726264953613,
        9.462300777435303,
        12.100584983825684
    ],
    "sd_pt": [
        5.004897594451904,
        5.004936218261719,
        5.440738916397095,
        5.874388933181763,
        6.349223613739014,
        6.701664447784424,
        7.068384885787964,
        7.7510387897491455,
        8.345004081726074,
        8.93367862701416,
        9.487971305847168,
        10.00279188156128,
        10.290220260620117,
        10.960076808929443,
        11.482966423034668,
        11.85807180404663,
        12.646558284759521,
        13.443985939025879,
        14.042738437652588,
        14.932957172393799,
        15.738080978393555,
        16.689058303833008,
        17.90000343322754,
        19.0098295211792,
        20.52220916748047,
        22.098790168762207,
        24.14548397064209,
        26.69651985168457,
        29.722716331481934,
        31.42566967010498,
        37.46003723144531,
        48.9713134765625
    ],
    "sd_dR": [
        0.06000206619501114,
        0.1022537387907505,
        0.14394228905439377,
        0.19731489568948746,
        0.24020109325647354,
        0.29503072798252106,
        0.33228982985019684,
        0.3537204712629318,
        0.3818027526140213,
        0.3999958634376526
    ],
    "sd_symmetry": [
        0.2000073790550232,
        0.21683215349912643,
        0.2458772212266922,
        0.274310365319252,
        0.3282613903284073,
        0.4135763794183731,
        0.4999938905239105
    ],
    "sd_ch_ang_k1_b0.5": [
        0.002038507256656885,
        0.004900511121377349,
        0.007171395234763622,
        0.015771187841892242,
        0.034611186012625694,
        0.048913829028606415,
        0.07368117943406105,
        0.09368016570806503,
        0.09942268207669258,
        0.11356973275542259,
        0.23777031898498535,
        0.2885754257440567,
        0.319417342543602,
        0.35017310082912445,
        0.3960808664560318,
        0.43933314085006714,
        0.4863804131746292,
        0.5093231797218323,
        0.5442095696926117,
        0.575022429227829,
        0.6216124594211578,
        0.6433468759059906,
        0.6940628886222839,
        0.7524815797805786
    ],