{
 "x_lo": [
  6.938893903907228e-18,
  0.05,
  0.1,
  0.15,
  0.2,
  0.25,
  0.30000000000000004,
  0.35,
  0.4
 ],
 "x_hi": [
  0.049999999999999996,
  0.09999999999999999,
  0.15,
  0.19999999999999998,
  0.25,
  0.30000000000000004,
  0.35,
  0.4,
  0.44999999999999996
 ],
 "x_ctr": [
  0.025,
  0.075,
  0.125,
  0.175,
  0.225,
  0.275,
  0.325,
  0.375,
  0.425
 ],
 "value": [
  0.774,
  1.982,
  3.491,
  4.252,
  3.4,
  2.772,
  2.099,
  1.16,
  0.066
 ],
 "stat": [
  0.037,
  0.043,
  0.062,
  0.059,
  0.06,
  0.046,
  0.04,
  0.033,
  0.005
 ],
 "syst": [
  0.3,
  0.295,
  0.286,
  0.191,
  0.203,
  0.325,
  0.23,
  0.138,
  0.036
 ],
 "xlabel": "R_{g} [ ]",
 "ylabel": "1/N_{jets} dN_{jets}/dR_{g} [ ]",
 "inspire": "ins1783875",
 "recid": 93789,
 "version": 1,
 "figure": "Figure 5.2.0",
 "table_id": 745602,
 "obs": "sd_dR",
 "pt_lo": 25,
 "pt_hi": 30
}