{
 "x_lo": [
  6.938893903907228e-18,
  0.05,
  0.1,
  0.15,
  0.2,
  0.25,
  0.30000000000000004,
  0.35,
  0.4
 ],
 "x_hi": [
  0.049999999999999996,
  0.09999999999999999,
  0.15,
  0.19999999999999998,
  0.25,
  0.30000000000000004,
  0.35,
  0.4,
  0.44999999999999996
 ],
 "x_ctr": [
  0.025,
  0.075,
  0.125,
  0.175,
  0.225,
  0.275,
  0.325,
  0.375,
  0.425
 ],
 "value": [
  0.499,
  0.768,
  1.757,
  2.94,
  3.5,
  3.947,
  3.978,
  2.53,
  0.078
 ],
 "stat": [
  0.008,
  0.011,
  0.012,
  0.014,
  0.019,
  0.018,
  0.016,
  0.015,
  0.002
 ],
 "syst": [
  0.203,
  0.08,
  0.164,
  0.266,
  0.103,
  0.195,
  0.208,
  0.278,
  0.029
 ],
 "xlabel": "R_{g} [ ]",
 "ylabel": "1/N_{jets} dN_{jets}/dR_{g} [ ]",
 "inspire": "ins1783875",
 "recid": 93789,
 "version": 1,
 "figure": "Figure 5.0.0",
 "table_id": 745600,
 "obs": "sd_dR",
 "pt_lo": 15,
 "pt_hi": 20
}