{
 "x_lo": [
  6.938893903907228e-18,
  0.05,
  0.1,
  0.15,
  0.2,
  0.25,
  0.30000000000000004,
  0.35,
  0.4
 ],
 "x_hi": [
  0.049999999999999996,
  0.09999999999999999,
  0.15,
  0.19999999999999998,
  0.25,
  0.30000000000000004,
  0.35,
  0.4,
  0.44999999999999996
 ],
 "x_ctr": [
  0.025,
  0.075,
  0.125,
  0.175,
  0.225,
  0.275,
  0.325,
  0.375,
  0.425
 ],
 "value": [
  1.503,
  5.544,
  3.957,
  3.729,
  2.441,
  1.656,
  0.734,
  0.43,
  0.006
 ],
 "stat": [
  0.176,
  0.465,
  0.323,
  0.45,
  0.363,
  0.274,
  0.17,
  0.134,
  0.001
 ],
 "syst": [
  0.335,
  0.763,
  0.351,
  0.522,
  0.328,
  0.295,
  0.315,
  0.227,
  0.025
 ],
 "xlabel": "R_{g} [ ]",
 "ylabel": "1/N_{jets} dN_{jets}/dR_{g} [ ]",
 "inspire": "ins1783875",
 "recid": 93789,
 "version": 1,
 "figure": "Figure 5.4.0",
 "table_id": 745604,
 "obs": "sd_dR",
 "pt_lo": 40,
 "pt_hi": 60
}