{
 "x_lo": [
  6.938893903907228e-18,
  0.05,
  0.1,
  0.15,
  0.2,
  0.25,
  0.30000000000000004,
  0.35,
  0.4
 ],
 "x_hi": [
  0.049999999999999996,
  0.09999999999999999,
  0.15,
  0.19999999999999998,
  0.25,
  0.30000000000000004,
  0.35,
  0.4,
  0.44999999999999996
 ],
 "x_ctr": [
  0.025,
  0.075,
  0.125,
  0.175,
  0.225,
  0.275,
  0.325,
  0.375,
  0.425
 ],
 "value": [
  0.962,
  3.056,
  4.334,
  4.02,
  3.088,
  2.268,
  1.499,
  0.745,
  0.029
 ],
 "stat": [
  0.048,
  0.09,
  0.1,
  0.101,
  0.086,
  0.07,
  0.049,
  0.042,
  0.001
 ],
 "syst": [
  0.146,
  0.368,
  0.244,
  0.14,
  0.223,
  0.136,
  0.129,
  0.131,
  0.029
 ],
 "xlabel": "R_{g} [ ]",
 "ylabel": "1/N_{jets} dN_{jets}/dR_{g} [ ]",
 "inspire": "ins1783875",
 "recid": 93789,
 "version": 1,
 "figure": "Figure 5.3.0",
 "table_id": 745603,
 "obs": "sd_dR",
 "pt_lo": 30,
 "pt_hi": 40
}