{
 "x_lo": [
  6.938893903907228e-18,
  0.05,
  0.1,
  0.15,
  0.2,
  0.25,
  0.30000000000000004,
  0.35,
  0.4
 ],
 "x_hi": [
  0.049999999999999996,
  0.09999999999999999,
  0.15,
  0.19999999999999998,
  0.25,
  0.30000000000000004,
  0.35,
  0.4,
  0.44999999999999996
 ],
 "x_ctr": [
  0.025,
  0.075,
  0.125,
  0.175,
  0.225,
  0.275,
  0.325,
  0.375,
  0.425
 ],
 "value": [
  0.503,
  1.37,
  2.681,
  3.682,
  3.613,
  3.467,
  3.006,
  1.614,
  0.063
 ],
 "stat": [
  0.014,
  0.019,
  0.029,
  0.029,
  0.028,
  0.023,
  0.026,
  0.021,
  0.002
 ],
 "syst": [
  0.217,
  0.304,
  0.265,
  0.124,
  0.081,
  0.257,
  0.3,
  0.141,
  0.029
 ],
 "xlabel": "R_{g} [ ]",
 "ylabel": "1/N_{jets} dN_{jets}/dR_{g} [ ]",
 "inspire": "ins1783875",
 "recid": 93789,
 "version": 1,
 "figure": "Figure 5.1.0",
 "table_id": 745601,
 "obs": "sd_dR",
 "pt_lo": 20,
 "pt_hi": 25
}