{
 "x_lo": [
  0.1,
  0.15,
  0.2,
  0.25,
  0.30000000000000004,
  0.35,
  0.4,
  0.44999999999999996
 ],
 "x_hi": [
  0.15,
  0.19999999999999998,
  0.25,
  0.30000000000000004,
  0.35,
  0.4,
  0.44999999999999996,
  0.5
 ],
 "x_ctr": [
  0.125,
  0.175,
  0.225,
  0.275,
  0.325,
  0.375,
  0.425,
  0.475
 ],
 "value": [
  5.484,
  3.457,
  2.744,
  2.1,
  1.813,
  1.522,
  1.422,
  1.286
 ],
 "stat": [
  0.071,
  0.054,
  0.037,
  0.033,
  0.035,
  0.029,
  0.028,
  0.03
 ],
 "syst": [
  0.281,
  0.186,
  0.125,
  0.156,
  0.132,
  0.16,
  0.141,
  0.175
 ],
 "xlabel": "z_{g} [ ]",
 "ylabel": "1/N_{jets} dN_{jets}/dz_{g} [ ]",
 "inspire": "ins1783875",
 "recid": 93789,
 "version": 1,
 "figure": "Figure 4.2.0",
 "table_id": 745597,
 "obs": "sd_symmetry",
 "pt_lo": 25,
 "pt_hi": 30
}