{
 "x_lo": [
  0.1,
  0.15,
  0.2,
  0.25,
  0.30000000000000004,
  0.35,
  0.4,
  0.44999999999999996
 ],
 "x_hi": [
  0.15,
  0.19999999999999998,
  0.25,
  0.30000000000000004,
  0.35,
  0.4,
  0.44999999999999996,
  0.5
 ],
 "x_ctr": [
  0.125,
  0.175,
  0.225,
  0.275,
  0.325,
  0.375,
  0.425,
  0.475
 ],
 "value": [
  6.012,
  3.643,
  2.773,
  1.918,
  1.63,
  1.402,
  1.188,
  1.235
 ],
 "stat": [
  0.105,
  0.093,
  0.071,
  0.045,
  0.044,
  0.041,
  0.041,
  0.058
 ],
 "syst": [
  0.547,
  0.202,
  0.269,
  0.324,
  0.119,
  0.143,
  0.195,
  0.236
 ],
 "xlabel": "z_{g} [ ]",
 "ylabel": "1/N_{jets} dN_{jets}/dz_{g} [ ]",
 "inspire": "ins1783875",
 "recid": 93789,
 "version": 1,
 "figure": "Figure 4.3.0",
 "table_id": 745598,
 "obs": "sd_symmetry",
 "pt_lo": 30,
 "pt_hi": 40
}