{
 "x_lo": [
  0.1,
  0.15,
  0.2,
  0.25,
  0.30000000000000004,
  0.35,
  0.4,
  0.44999999999999996
 ],
 "x_hi": [
  0.15,
  0.19999999999999998,
  0.25,
  0.30000000000000004,
  0.35,
  0.4,
  0.44999999999999996,
  0.5
 ],
 "x_ctr": [
  0.125,
  0.175,
  0.225,
  0.275,
  0.325,
  0.375,
  0.425,
  0.475
 ],
 "value": [
  5.971,
  3.797,
  2.366,
  2.083,
  1.631,
  1.4,
  1.387,
  1.336
 ],
 "stat": [
  0.445,
  0.326,
  0.202,
  0.181,
  0.188,
  0.243,
  0.261,
  0.163
 ],
 "syst": [
  0.365,
  0.356,
  0.179,
  0.169,
  0.29,
  0.342,
  0.116,
  0.27
 ],
 "xlabel": "z_{g} [ ]",
 "ylabel": "1/N_{jets} dN_{jets}/dz_{g} [ ]",
 "inspire": "ins1783875",
 "recid": 93789,
 "version": 1,
 "figure": "Figure 4.4.0",
 "table_id": 745599,
 "obs": "sd_symmetry",
 "pt_lo": 40,
 "pt_hi": 60
}