{
 "x_lo": [
  0.1,
  0.15,
  0.2,
  0.25,
  0.30000000000000004,
  0.35,
  0.4,
  0.44999999999999996
 ],
 "x_hi": [
  0.15,
  0.19999999999999998,
  0.25,
  0.30000000000000004,
  0.35,
  0.4,
  0.44999999999999996,
  0.5
 ],
 "x_ctr": [
  0.125,
  0.175,
  0.225,
  0.275,
  0.325,
  0.375,
  0.425,
  0.475
 ],
 "value": [
  5.573,
  3.622,
  2.45,
  1.986,
  1.787,
  1.571,
  1.416,
  1.371
 ],
 "stat": [
  0.034,
  0.031,
  0.019,
  0.012,
  0.012,
  0.012,
  0.013,
  0.018
 ],
 "syst": [
  0.22,
  0.136,
  0.156,
  0.116,
  0.075,
  0.122,
  0.23,
  0.1
 ],
 "xlabel": "z_{g} [ ]",
 "ylabel": "1/N_{jets} dN_{jets}/dz_{g} [ ]",
 "inspire": "ins1783875",
 "recid": 93789,
 "version": 1,
 "figure": "Figure 4.1.0",
 "table_id": 745596,
 "obs": "sd_symmetry",
 "pt_lo": 20,
 "pt_hi": 25
}